{
  "waterCourses": {
    "Unknown": {
      "count": 118976,
      "length": 67180.42214364122
    },
    "Ephemeral": {
      "count": 12064,
      "length": 4030.101766639984
    },
    "Intermittent": {
      "count": 761895,
      "length": 277061.68174618384
    },
    "Perennial": {
      "count": 366724,
      "length": 131962.7055888296
    }
  },
  "waterBodies": {
    "Unknown": {
      "count": 119408,
      "length": 67243.81830591074,
      "area": 0.018250416900396006
    },
    "Ephemeral": {
      "count": 12064,
      "length": 4030.101766639984,
      "area": 0
    },
    "Intermittent": {
      "count": 762493,
      "length": 277068.82035540155,
      "area": 0.0023189302311500005
    },
    "Perennial": {
      "count": 369982,
      "length": 132493.9605431017,
      "area": 0.29117590153892037
    }
  }
}