{
  "waterCourses": {
    "Unknown": {
      "count": 11946,
      "length": 6201.5874649399675
    },
    "Ephemeral": {
      "count": 1280,
      "length": 350.76164907000015
    },
    "Intermittent": {
      "count": 242702,
      "length": 73216.88781535061
    },
    "Perennial": {
      "count": 116599,
      "length": 40188.158607660465
    }
  },
  "waterBodies": {
    "Unknown": {
      "count": 18980,
      "length": 6249.22241260032,
      "area": 0.023355940794814012
    },
    "Ephemeral": {
      "count": 1280,
      "length": 350.76164907000015,
      "area": 0
    },
    "Intermittent": {
      "count": 245126,
      "length": 73237.51650881834,
      "area": 0.008933731390285991
    },
    "Perennial": {
      "count": 131444,
      "length": 40293.14760464294,
      "area": 0.3386171485109527
    }
  }
}